{
  "player": {
    "positionX": 1050,
    "positionY": 500,
    "height": 40,
    "width": 40
  },
  "enemies": [],
  "smartEnemies": [],
  "platforms": [
    {
      "positionX": 1000,
      "positionY": 550,
      "height": 50,
      "width": 50
    },
    {
      "positionX": 1050,
      "positionY": 550,
      "height": 50,
      "width": 50
    },
    {
      "positionX": 1100,
      "positionY": 550,
      "height": 50,
      "width": 50
    },
    {
      "positionX": 1150,
      "positionY": 550,
      "height": 50,
      "width": 50
    },
    {
      "positionX": 1200,
      "positionY": 550,
      "height": 50,
      "width": 50
    },
    {
      "positionX": 1250,
      "positionY": 550,
      "height": 50,
      "width": 50
    },
    {
      "positionX": 1300,
      "positionY": 550,
      "height": 50,
      "width": 50
    },
    {
      "positionX": 1350,
      "positionY": 550,
      "height": 50,
      "width": 50
    },
    {
      "positionX": 1400,
      "positionY": 550,
      "height": 50,
      "width": 50
    },
    {
      "positionX": 1450,
      "positionY": 550,
      "height": 50,
      "width": 50
    }
  ],
  "fallingPlatforms": [
    {
      "positionX": 850,
      "positionY": 350,
      "height": 50,
      "width": 50
    },
    {
      "positionX": 800,
      "positionY": 400,
      "height": 50,
      "width": 50
    },
    {
      "positionX": 650,
      "positionY": 450,
      "height": 50,
      "width": 50
    },
    {
      "positionX": 550,
      "positionY": 400,
      "height": 50,
      "width": 50
    }
  ],
  "door": [],
  "ladder": [],
  "powerUp": [
    {
      "positionX": 700,
      "positionY": 275,
      "height": 25,
      "width": 25,
      "typ": "0"
    }
  ],
  "trap": [],
  "teleport": [],
  "lava": []
}