{
  "player": {
    "positionX": 1850,
    "positionY": 700,
    "height": 40,
    "width": 40
  },
  "enemies": [
    {
      "positionX": 1450,
      "positionY": 525,
      "height": 25,
      "width": 25
    }
  ],
  "smartEnemies": [
    {
      "positionX": 350,
      "positionY": 165,
      "height": 35,
      "width": 35
    }
  ],
  "platforms": [
    {
      "positionX": 1650,
      "positionY": 800,
      "height": 50,
      "width": 50
    },
    {
      "positionX": 1550,
      "positionY": 800,
      "height": 50,
      "width": 50
    },
    {
      "positionX": 1600,
      "positionY": 800,
      "height": 50,
      "width": 50
    },
    {
      "positionX": 1500,
      "positionY": 800,
      "height": 50,
      "width": 50
    },
    {
      "positionX": 1450,
      "positionY": 800,
      "height": 50,
      "width": 50
    },
    {
      "positionX": 1400,
      "positionY": 800,
      "height": 50,
      "width": 50
    },
    {
      "positionX": 1350,
      "positionY": 800,
      "height": 50,
      "width": 50
    },
    {
      "positionX": 1300,
      "positionY": 800,
      "height": 50,
      "width": 50
    },
    {
      "positionX": 1250,
      "positionY": 800,
      "height": 50,
      "width": 50
    },
    {
      "positionX": 1200,
      "positionY": 800,
      "height": 50,
      "width": 50
    },
    {
      "positionX": 1150,
      "positionY": 800,
      "height": 50,
      "width": 50
    },
    {
      "positionX": 1100,
      "positionY": 800,
      "height": 50,
      "width": 50
    },
    {
      "positionX": 1050,
      "positionY": 800,
      "height": 50,
      "width": 50
    },
    {
      "positionX": 1000,
      "positionY": 800,
      "height": 50,
      "width": 50
    },
    {
      "positionX": 950,
      "positionY": 800,
      "height": 50,
      "width": 50
    },
    {
      "positionX": 900,
      "positionY": 800,
      "height": 50,
      "width": 50
    },
    {
      "positionX": 850,
      "positionY": 800,
      "height": 50,
      "width": 50
    },
    {
      "positionX": 800,
      "positionY": 800,
      "height": 50,
      "width": 50
    },
    {
      "positionX": 750,
      "positionY": 800,
      "height": 50,
      "width": 50
    },
    {
      "positionX": 700,
      "positionY": 800,
      "height": 50,
      "width": 50
    },
    {
      "positionX": 650,
      "positionY": 800,
      "height": 50,
      "width": 50
    },
    {
      "positionX": 600,
      "positionY": 800,
      "height": 50,
      "width": 50
    },
    {
      "positionX": 550,
      "positionY": 800,
      "height": 50,
      "width": 50
    },
    {
      "positionX": 500,
      "positionY": 800,
      "height": 50,
      "width": 50
    },
    {
      "positionX": 450,
      "positionY": 800,
      "height": 50,
      "width": 50
    },
    {
      "positionX": 400,
      "positionY": 800,
      "height": 50,
      "width": 50
    },
    {
      "positionX": 350,
      "positionY": 800,
      "height": 50,
      "width": 50
    },
    {
      "positionX": 300,
      "positionY": 800,
      "height": 50,
      "width": 50
    },
    {
      "positionX": 300,
      "positionY": 800,
      "height": 50,
      "width": 50
    },
    {
      "positionX": 250,
      "positionY": 800,
      "height": 50,
      "width": 50
    },
    {
      "positionX": 200,
      "positionY": 800,
      "height": 50,
      "width": 50
    },
    {
      "positionX": 150,
      "positionY": 800,
      "height": 50,
      "width": 50
    },
    {
      "positionX": 100,
      "positionY": 800,
      "height": 50,
      "width": 50
    },
    {
      "positionX": 50,
      "positionY": 800,
      "height": 50,
      "width": 50
    },
    {
      "positionX": 0,
      "positionY": 800,
      "height": 50,
      "width": 50
    },
    {
      "positionX": 0,
      "positionY": 800,
      "height": 50,
      "width": 50
    },
    {
      "positionX": 0,
      "positionY": 800,
      "height": 50,
      "width": 50
    },
    {
      "positionX": 0,
      "positionY": 800,
      "height": 50,
      "width": 50
    },
    {
      "positionX": 0,
      "positionY": 750,
      "height": 50,
      "width": 50
    },
    {
      "positionX": 0,
      "positionY": 700,
      "height": 50,
      "width": 50
    },
    {
      "positionX": 0,
      "positionY": 650,
      "height": 50,
      "width": 50
    },
    {
      "positionX": 1700,
      "positionY": 800,
      "height": 50,
      "width": 50
    },
    {
      "positionX": 1750,
      "positionY": 800,
      "height": 50,
      "width": 50
    },
    {
      "positionX": 1750,
      "positionY": 800,
      "height": 50,
      "width": 50
    },
    {
      "positionX": 1800,
      "positionY": 800,
      "height": 50,
      "width": 50
    },
    {
      "positionX": 1850,
      "positionY": 800,
      "height": 50,
      "width": 50
    },
    {
      "positionX": 1900,
      "positionY": 800,
      "height": 50,
      "width": 50
    },
    {
      "positionX": 1950,
      "positionY": 800,
      "height": 50,
      "width": 50
    },
    {
      "positionX": 2000,
      "positionY": 800,
      "height": 50,
      "width": 50
    },
    {
      "positionX": 2050,
      "positionY": 800,
      "height": 50,
      "width": 50
    },
    {
      "positionX": 2100,
      "positionY": 800,
      "height": 50,
      "width": 50
    },
    {
      "positionX": 2150,
      "positionY": 800,
      "height": 50,
      "width": 50
    },
    {
      "positionX": 2200,
      "positionY": 800,
      "height": 50,
      "width": 50
    },
    {
      "positionX": 2250,
      "positionY": 800,
      "height": 50,
      "width": 50
    },
    {
      "positionX": 2250,
      "positionY": 750,
      "height": 50,
      "width": 50
    },
    {
      "positionX": 2200,
      "positionY": 700,
      "height": 50,
      "width": 50
    },
    {
      "positionX": 2250,
      "positionY": 700,
      "height": 50,
      "width": 50
    },
    {
      "positionX": 2250,
      "positionY": 650,
      "height": 50,
      "width": 50
    },
    {
      "positionX": 2250,
      "positionY": 600,
      "height": 50,
      "width": 50
    },
    {
      "positionX": 1600,
      "positionY": 700,
      "height": 50,
      "width": 50
    },
    {
      "positionX": 1550,
      "positionY": 700,
      "height": 50,
      "width": 50
    },
    {
      "positionX": 1450,
      "positionY": 600,
      "height": 50,
      "width": 50
    },
    {
      "positionX": 1400,
      "positionY": 600,
      "height": 50,
      "width": 50
    },
    {
      "positionX": 1650,
      "positionY": 600,
      "height": 50,
      "width": 50
    },
    {
      "positionX": 1500,
      "positionY": 650,
      "height": 50,
      "width": 50
    },
    {
      "positionX": 1300,
      "positionY": 600,
      "height": 50,
      "width": 50
    },
    {
      "positionX": 1200,
      "positionY": 600,
      "height": 50,
      "width": 50
    },
    {
      "positionX": 1700,
      "positionY": 550,
      "height": 50,
      "width": 50
    },
    {
      "positionX": 1750,
      "positionY": 550,
      "height": 50,
      "width": 50
    },
    {
      "positionX": 1850,
      "positionY": 550,
      "height": 50,
      "width": 50
    },
    {
      "positionX": 1850,
      "positionY": 550,
      "height": 50,
      "width": 50
    },
    {
      "positionX": 1900,
      "positionY": 550,
      "height": 50,
      "width": 50
    },
    {
      "positionX": 1100,
      "positionY": 250,
      "height": 50,
      "width": 50
    },
    {
      "positionX": 1050,
      "positionY": 250,
      "height": 50,
      "width": 50
    },
    {
      "positionX": 1000,
      "positionY": 250,
      "height": 50,
      "width": 50
    },
    {
      "positionX": 950,
      "positionY": 250,
      "height": 50,
      "width": 50
    },
    {
      "positionX": 950,
      "positionY": 50,
      "height": 50,
      "width": 50
    },
    {
      "positionX": 950,
      "positionY": 100,
      "height": 50,
      "width": 50
    },
    {
      "positionX": 900,
      "positionY": 300,
      "height": 50,
      "width": 50
    },
    {
      "positionX": 850,
      "positionY": 300,
      "height": 50,
      "width": 50
    },
    {
      "positionX": 800,
      "positionY": 300,
      "height": 50,
      "width": 50
    },
    {
      "positionX": 750,
      "positionY": 300,
      "height": 50,
      "width": 50
    },
    {
      "positionX": 1250,
      "positionY": 200,
      "height": 50,
      "width": 50
    },
    {
      "positionX": 1250,
      "positionY": 200,
      "height": 50,
      "width": 50
    },
    {
      "positionX": 1300,
      "positionY": 200,
      "height": 50,
      "width": 50
    },
    {
      "positionX": 1350,
      "positionY": 150,
      "height": 50,
      "width": 50
    },
    {
      "positionX": 1450,
      "positionY": 100,
      "height": 50,
      "width": 50
    },
    {
      "positionX": 1450,
      "positionY": 100,
      "height": 50,
      "width": 50
    },
    {
      "positionX": 1500,
      "positionY": 100,
      "height": 50,
      "width": 50
    },
    {
      "positionX": 700,
      "positionY": 300,
      "height": 50,
      "width": 50
    },
    {
      "positionX": 650,
      "positionY": 300,
      "height": 50,
      "width": 50
    },
    {
      "positionX": 600,
      "positionY": 300,
      "height": 50,
      "width": 50
    },
    {
      "positionX": 550,
      "positionY": 300,
      "height": 50,
      "width": 50
    },
    {
      "positionX": 500,
      "positionY": 300,
      "height": 50,
      "width": 50
    },
    {
      "positionX": 450,
      "positionY": 300,
      "height": 50,
      "width": 50
    },
    {
      "positionX": 350,
      "positionY": 400,
      "height": 50,
      "width": 50
    },
    {
      "positionX": 400,
      "positionY": 400,
      "height": 50,
      "width": 50
    },
    {
      "positionX": 450,
      "positionY": 500,
      "height": 50,
      "width": 50
    },
    {
      "positionX": 450,
      "positionY": 500,
      "height": 50,
      "width": 50
    },
    {
      "positionX": 500,
      "positionY": 500,
      "height": 50,
      "width": 50
    },
    {
      "positionX": 500,
      "positionY": 500,
      "height": 50,
      "width": 50
    },
    {
      "positionX": 550,
      "positionY": 500,
      "height": 50,
      "width": 50
    },
    {
      "positionX": 600,
      "positionY": 500,
      "height": 50,
      "width": 50
    },
    {
      "positionX": 600,
      "positionY": 500,
      "height": 50,
      "width": 50
    },
    {
      "positionX": 650,
      "positionY": 500,
      "height": 50,
      "width": 50
    },
    {
      "positionX": 700,
      "positionY": 500,
      "height": 50,
      "width": 50
    },
    {
      "positionX": 700,
      "positionY": 600,
      "height": 50,
      "width": 50
    },
    {
      "positionX": 700,
      "positionY": 600,
      "height": 50,
      "width": 50
    },
    {
      "positionX": 750,
      "positionY": 600,
      "height": 50,
      "width": 50
    },
    {
      "positionX": 800,
      "positionY": 600,
      "height": 50,
      "width": 50
    },
    {
      "positionX": 850,
      "positionY": 600,
      "height": 50,
      "width": 50
    },
    {
      "positionX": 0,
      "positionY": 600,
      "height": 50,
      "width": 50
    },
    {
      "positionX": 0,
      "positionY": 550,
      "height": 50,
      "width": 50
    },
    {
      "positionX": 0,
      "positionY": 500,
      "height": 50,
      "width": 50
    },
    {
      "positionX": 0,
      "positionY": 500,
      "height": 50,
      "width": 50
    },
    {
      "positionX": 0,
      "positionY": 500,
      "height": 50,
      "width": 50
    },
    {
      "positionX": 0,
      "positionY": 450,
      "height": 50,
      "width": 50
    },
    {
      "positionX": 0,
      "positionY": 400,
      "height": 50,
      "width": 50
    },
    {
      "positionX": 0,
      "positionY": 350,
      "height": 50,
      "width": 50
    },
    {
      "positionX": 0,
      "positionY": 300,
      "height": 50,
      "width": 50
    },
    {
      "positionX": 0,
      "positionY": 250,
      "height": 50,
      "width": 50
    },
    {
      "positionX": 750,
      "positionY": 900,
      "height": 50,
      "width": 50
    },
    {
      "positionX": 1100,
      "positionY": 1000,
      "height": 50,
      "width": 50
    },
    {
      "positionX": 1050,
      "positionY": 1000,
      "height": 50,
      "width": 50
    },
    {
      "positionX": 1700,
      "positionY": 350,
      "height": 50,
      "width": 50
    },
    {
      "positionX": 1650,
      "positionY": 350,
      "height": 50,
      "width": 50
    },
    {
      "positionX": 1900,
      "positionY": 500,
      "height": 50,
      "width": 50
    },
    {
      "positionX": 2350,
      "positionY": 600,
      "height": 50,
      "width": 50
    },
    {
      "positionX": 2300,
      "positionY": 600,
      "height": 50,
      "width": 50
    },
    {
      "positionX": 2350,
      "positionY": 600,
      "height": 50,
      "width": 50
    },
    {
      "positionX": 2400,
      "positionY": 600,
      "height": 50,
      "width": 50
    },
    {
      "positionX": 2450,
      "positionY": 600,
      "height": 50,
      "width": 50
    },
    {
      "positionX": 2450,
      "positionY": 600,
      "height": 50,
      "width": 50
    },
    {
      "positionX": 2500,
      "positionY": 600,
      "height": 50,
      "width": 50
    },
    {
      "positionX": 2500,
      "positionY": 600,
      "height": 50,
      "width": 50
    },
    {
      "positionX": 2550,
      "positionY": 600,
      "height": 50,
      "width": 50
    },
    {
      "positionX": 2600,
      "positionY": 600,
      "height": 50,
      "width": 50
    },
    {
      "positionX": 2650,
      "positionY": 600,
      "height": 50,
      "width": 50
    },
    {
      "positionX": 2650,
      "positionY": 600,
      "height": 50,
      "width": 50
    },
    {
      "positionX": 2700,
      "positionY": 600,
      "height": 50,
      "width": 50
    },
    {
      "positionX": 2700,
      "positionY": 600,
      "height": 50,
      "width": 50
    }
  ],
  "fallingPlatforms": [
    {
      "positionX": 1900,
      "positionY": 200,
      "height": 50,
      "width": 50
    },
    {
      "positionX": 1950,
      "positionY": 450,
      "height": 50,
      "width": 50
    },
    {
      "positionX": 2000,
      "positionY": 450,
      "height": 50,
      "width": 50
    },
    {
      "positionX": 2000,
      "positionY": 450,
      "height": 50,
      "width": 50
    },
    {
      "positionX": 2000,
      "positionY": 450,
      "height": 50,
      "width": 50
    },
    {
      "positionX": 2050,
      "positionY": 450,
      "height": 50,
      "width": 50
    },
    {
      "positionX": 2400,
      "positionY": 400,
      "height": 50,
      "width": 50
    },
    {
      "positionX": 2450,
      "positionY": 400,
      "height": 50,
      "width": 50
    },
    {
      "positionX": 2050,
      "positionY": 400,
      "height": 50,
      "width": 50
    }
  ],
  "door": [
    {
      "positionX": 950,
      "positionY": 200,
      "height": 50,
      "width": 50
    },
    {
      "positionX": 950,
      "positionY": 150,
      "height": 50,
      "width": 50
    }
  ],
  "ladder": [
    {
      "positionX": 1150,
      "positionY": 600,
      "height": 50,
      "width": 50
    },
    {
      "positionX": 1150,
      "positionY": 550,
      "height": 50,
      "width": 50
    },
    {
      "positionX": 1150,
      "positionY": 500,
      "height": 50,
      "width": 50
    },
    {
      "positionX": 1100,
      "positionY": 450,
      "height": 50,
      "width": 50
    },
    {
      "positionX": 1150,
      "positionY": 450,
      "height": 50,
      "width": 50
    },
    {
      "positionX": 1150,
      "positionY": 400,
      "height": 50,
      "width": 50
    },
    {
      "positionX": 1150,
      "positionY": 350,
      "height": 50,
      "width": 50
    },
    {
      "positionX": 1150,
      "positionY": 300,
      "height": 50,
      "width": 50
    },
    {
      "positionX": 1150,
      "positionY": 250,
      "height": 50,
      "width": 50
    },
    {
      "positionX": 1100,
      "positionY": 900,
      "height": 50,
      "width": 50
    }
  ],
  "powerUp": [
    {
      "positionX": 800,
      "positionY": 275,
      "height": 25,
      "width": 25,
      "typ": "0"
    },
    {
      "positionX": 1450,
      "positionY": 75,
      "height": 25,
      "width": 25,
      "typ": "2"
    },
    {
      "positionX": 1250,
      "positionY": 175,
      "height": 25,
      "width": 25,
      "typ": "3"
    },
    {
      "positionX": 750,
      "positionY": 575,
      "height": 25,
      "width": 25,
      "typ": "3"
    }
  ],
  "trap": [
    {
      "positionX": 2150,
      "positionY": 750,
      "height": 50,
      "width": 50
    },
    {
      "positionX": 2200,
      "positionY": 750,
      "height": 50,
      "width": 50
    },
    {
      "positionX": 2250,
      "positionY": 550,
      "height": 50,
      "width": 50
    },
    {
      "positionX": 2200,
      "positionY": 650,
      "height": 50,
      "width": 50
    },
    {
      "positionX": 2100,
      "positionY": 750,
      "height": 50,
      "width": 50
    },
    {
      "positionX": 100,
      "positionY": 750,
      "height": 50,
      "width": 50
    },
    {
      "positionX": 50,
      "positionY": 750,
      "height": 50,
      "width": 50
    },
    {
      "positionX": 150,
      "positionY": 750,
      "height": 50,
      "width": 50
    },
    {
      "positionX": 200,
      "positionY": 750,
      "height": 50,
      "width": 50
    },
    {
      "positionX": 250,
      "positionY": 750,
      "height": 50,
      "width": 50
    },
    {
      "positionX": 300,
      "positionY": 750,
      "height": 50,
      "width": 50
    },
    {
      "positionX": 350,
      "positionY": 750,
      "height": 50,
      "width": 50
    },
    {
      "positionX": 400,
      "positionY": 750,
      "height": 50,
      "width": 50
    },
    {
      "positionX": 450,
      "positionY": 750,
      "height": 50,
      "width": 50
    },
    {
      "positionX": 0,
      "positionY": 200,
      "height": 50,
      "width": 50
    },
    {
      "positionX": 900,
      "positionY": 750,
      "height": 50,
      "width": 50
    },
    {
      "positionX": 950,
      "positionY": 750,
      "height": 50,
      "width": 50
    },
    {
      "positionX": 1150,
      "positionY": 750,
      "height": 50,
      "width": 50
    },
    {
      "positionX": 1150,
      "positionY": 750,
      "height": 50,
      "width": 50
    },
    {
      "positionX": 1200,
      "positionY": 750,
      "height": 50,
      "width": 50
    },
    {
      "positionX": 1450,
      "positionY": 750,
      "height": 50,
      "width": 50
    },
    {
      "positionX": 2300,
      "positionY": 550,
      "height": 50,
      "width": 50
    },
    {
      "positionX": 2300,
      "positionY": 550,
      "height": 50,
      "width": 50
    },
    {
      "positionX": 2350,
      "positionY": 550,
      "height": 50,
      "width": 50
    },
    {
      "positionX": 2350,
      "positionY": 550,
      "height": 50,
      "width": 50
    },
    {
      "positionX": 2400,
      "positionY": 550,
      "height": 50,
      "width": 50
    },
    {
      "positionX": 2400,
      "positionY": 550,
      "height": 50,
      "width": 50
    },
    {
      "positionX": 2450,
      "positionY": 550,
      "height": 50,
      "width": 50
    },
    {
      "positionX": 2500,
      "positionY": 550,
      "height": 50,
      "width": 50
    },
    {
      "positionX": 2550,
      "positionY": 550,
      "height": 50,
      "width": 50
    },
    {
      "positionX": 2550,
      "positionY": 550,
      "height": 50,
      "width": 50
    },
    {
      "positionX": 2600,
      "positionY": 550,
      "height": 50,
      "width": 50
    },
    {
      "positionX": 2650,
      "positionY": 550,
      "height": 50,
      "width": 50
    },
    {
      "positionX": 2700,
      "positionY": 550,
      "height": 50,
      "width": 50
    }
  ],
  "teleport": [
    {
      "positionX": 2050,
      "positionY": 350,
      "height": 50,
      "width": 50
    },
    {
      "positionX": 2450,
      "positionY": 350,
      "height": 50,
      "width": 50
    }
  ],
  "lava": [
    {
      "positionX": 1050,
      "positionY": 965,
      "height": 35,
      "width": 35
    },
    {
      "positionX": 1100,
      "positionY": 965,
      "height": 35,
      "width": 35
    },
    {
      "positionX": 750,
      "positionY": 865,
      "height": 35,
      "width": 35
    },
    {
      "positionX": 1650,
      "positionY": 315,
      "height": 35,
      "width": 35
    }
  ]
}