{
  "player": {
    "positionX": -150,
    "positionY": 850,
    "height": 40,
    "width": 40
  },
  "enemies": [
    {
      "positionX": 1000,
      "positionY": -425,
      "height": 25,
      "width": 25
    },
    {
      "positionX": 1300,
      "positionY": -375,
      "height": 25,
      "width": 25
    },
    {
      "positionX": 1200,
      "positionY": -525,
      "height": 25,
      "width": 25
    },
    {
      "positionX": 950,
      "positionY": -625,
      "height": 25,
      "width": 25
    },
    {
      "positionX": 450,
      "positionY": -125,
      "height": 25,
      "width": 25
    },
    {
      "positionX": 600,
      "positionY": -775,
      "height": 25,
      "width": 25
    },
    {
      "positionX": 400,
      "positionY": -725,
      "height": 25,
      "width": 25
    },
    {
      "positionX": 1450,
      "positionY": -175,
      "height": 25,
      "width": 25
    },
    {
      "positionX": 700,
      "positionY": 175,
      "height": 25,
      "width": 25
    },
    {
      "positionX": 1300,
      "positionY": 75,
      "height": 25,
      "width": 25
    },
    {
      "positionX": 1650,
      "positionY": 275,
      "height": 25,
      "width": 25
    },
    {
      "positionX": 600,
      "positionY": 675,
      "height": 25,
      "width": 25
    },
    {
      "positionX": 1050,
      "positionY": 775,
      "height": 25,
      "width": 25
    }
  ],
  "smartEnemies": [
    {
      "positionX": 1050,
      "positionY": 465,
      "height": 35,
      "width": 35
    }
  ],
  "platforms": [
    {
      "positionX": 250,
      "positionY": 950,
      "height": 50,
      "width": 50
    },
    {
      "positionX": 300,
      "positionY": 950,
      "height": 50,
      "width": 50
    },
    {
      "positionX": 350,
      "positionY": 950,
      "height": 50,
      "width": 50
    },
    {
      "positionX": 400,
      "positionY": 950,
      "height": 50,
      "width": 50
    },
    {
      "positionX": 450,
      "positionY": 950,
      "height": 50,
      "width": 50
    },
    {
      "positionX": 500,
      "positionY": 950,
      "height": 50,
      "width": 50
    },
    {
      "positionX": 550,
      "positionY": 950,
      "height": 50,
      "width": 50
    },
    {
      "positionX": 600,
      "positionY": 950,
      "height": 50,
      "width": 50
    },
    {
      "positionX": 650,
      "positionY": 950,
      "height": 50,
      "width": 50
    },
    {
      "positionX": 700,
      "positionY": 950,
      "height": 50,
      "width": 50
    },
    {
      "positionX": 800,
      "positionY": 950,
      "height": 50,
      "width": 50
    },
    {
      "positionX": 850,
      "positionY": 950,
      "height": 50,
      "width": 50
    },
    {
      "positionX": 900,
      "positionY": 950,
      "height": 50,
      "width": 50
    },
    {
      "positionX": 800,
      "positionY": 950,
      "height": 50,
      "width": 50
    },
    {
      "positionX": 750,
      "positionY": 950,
      "height": 50,
      "width": 50
    },
    {
      "positionX": 850,
      "positionY": 950,
      "height": 50,
      "width": 50
    },
    {
      "positionX": 950,
      "positionY": 950,
      "height": 50,
      "width": 50
    },
    {
      "positionX": 1000,
      "positionY": 950,
      "height": 50,
      "width": 50
    },
    {
      "positionX": 1050,
      "positionY": 950,
      "height": 50,
      "width": 50
    },
    {
      "positionX": 1100,
      "positionY": 950,
      "height": 50,
      "width": 50
    },
    {
      "positionX": 1150,
      "positionY": 950,
      "height": 50,
      "width": 50
    },
    {
      "positionX": 1150,
      "positionY": 950,
      "height": 50,
      "width": 50
    },
    {
      "positionX": 1250,
      "positionY": 950,
      "height": 50,
      "width": 50
    },
    {
      "positionX": 1300,
      "positionY": 950,
      "height": 50,
      "width": 50
    },
    {
      "positionX": 1350,
      "positionY": 950,
      "height": 50,
      "width": 50
    },
    {
      "positionX": 1400,
      "positionY": 950,
      "height": 50,
      "width": 50
    },
    {
      "positionX": 1500,
      "positionY": 950,
      "height": 50,
      "width": 50
    },
    {
      "positionX": 1550,
      "positionY": 950,
      "height": 50,
      "width": 50
    },
    {
      "positionX": 1650,
      "positionY": 950,
      "height": 50,
      "width": 50
    },
    {
      "positionX": 1600,
      "positionY": 950,
      "height": 50,
      "width": 50
    },
    {
      "positionX": 1500,
      "positionY": 950,
      "height": 50,
      "width": 50
    },
    {
      "positionX": 1450,
      "positionY": 950,
      "height": 50,
      "width": 50
    },
    {
      "positionX": 1400,
      "positionY": 950,
      "height": 50,
      "width": 50
    },
    {
      "positionX": 1200,
      "positionY": 950,
      "height": 50,
      "width": 50
    },
    {
      "positionX": 1200,
      "positionY": 950,
      "height": 50,
      "width": 50
    },
    {
      "positionX": 1650,
      "positionY": 900,
      "height": 50,
      "width": 50
    },
    {
      "positionX": 1700,
      "positionY": 900,
      "height": 50,
      "width": 50
    },
    {
      "positionX": 1750,
      "positionY": 900,
      "height": 50,
      "width": 50
    },
    {
      "positionX": 1800,
      "positionY": 900,
      "height": 50,
      "width": 50
    },
    {
      "positionX": 1850,
      "positionY": 900,
      "height": 50,
      "width": 50
    },
    {
      "positionX": 1850,
      "positionY": 900,
      "height": 50,
      "width": 50
    },
    {
      "positionX": 1900,
      "positionY": 900,
      "height": 50,
      "width": 50
    },
    {
      "positionX": 1900,
      "positionY": 900,
      "height": 50,
      "width": 50
    },
    {
      "positionX": 1950,
      "positionY": 900,
      "height": 50,
      "width": 50
    },
    {
      "positionX": 2000,
      "positionY": 900,
      "height": 50,
      "width": 50
    },
    {
      "positionX": 2100,
      "positionY": 900,
      "height": 50,
      "width": 50
    },
    {
      "positionX": 2100,
      "positionY": 900,
      "height": 50,
      "width": 50
    },
    {
      "positionX": 2150,
      "positionY": 900,
      "height": 50,
      "width": 50
    },
    {
      "positionX": 2250,
      "positionY": 900,
      "height": 50,
      "width": 50
    },
    {
      "positionX": 2300,
      "positionY": 900,
      "height": 50,
      "width": 50
    },
    {
      "positionX": 2350,
      "positionY": 900,
      "height": 50,
      "width": 50
    },
    {
      "positionX": 2500,
      "positionY": 900,
      "height": 50,
      "width": 50
    },
    {
      "positionX": 2600,
      "positionY": 900,
      "height": 50,
      "width": 50
    },
    {
      "positionX": 2600,
      "positionY": 900,
      "height": 50,
      "width": 50
    },
    {
      "positionX": 2550,
      "positionY": 900,
      "height": 50,
      "width": 50
    },
    {
      "positionX": 2500,
      "positionY": 900,
      "height": 50,
      "width": 50
    },
    {
      "positionX": 2400,
      "positionY": 900,
      "height": 50,
      "width": 50
    },
    {
      "positionX": 2400,
      "positionY": 900,
      "height": 50,
      "width": 50
    },
    {
      "positionX": 2400,
      "positionY": 900,
      "height": 50,
      "width": 50
    },
    {
      "positionX": 2450,
      "positionY": 900,
      "height": 50,
      "width": 50
    },
    {
      "positionX": 2250,
      "positionY": 900,
      "height": 50,
      "width": 50
    },
    {
      "positionX": 2200,
      "positionY": 900,
      "height": 50,
      "width": 50
    },
    {
      "positionX": 2150,
      "positionY": 900,
      "height": 50,
      "width": 50
    },
    {
      "positionX": 2050,
      "positionY": 900,
      "height": 50,
      "width": 50
    },
    {
      "positionX": 2050,
      "positionY": 900,
      "height": 50,
      "width": 50
    },
    {
      "positionX": 2600,
      "positionY": 900,
      "height": 50,
      "width": 50
    },
    {
      "positionX": 2650,
      "positionY": 900,
      "height": 50,
      "width": 50
    },
    {
      "positionX": 2650,
      "positionY": 900,
      "height": 50,
      "width": 50
    },
    {
      "positionX": 2650,
      "positionY": 800,
      "height": 50,
      "width": 50
    },
    {
      "positionX": 2650,
      "positionY": 800,
      "height": 50,
      "width": 50
    },
    {
      "positionX": 2650,
      "positionY": 850,
      "height": 50,
      "width": 50
    },
    {
      "positionX": 2650,
      "positionY": 850,
      "height": 50,
      "width": 50
    },
    {
      "positionX": 2650,
      "positionY": 750,
      "height": 50,
      "width": 50
    },
    {
      "positionX": 2650,
      "positionY": 700,
      "height": 50,
      "width": 50
    },
    {
      "positionX": 2650,
      "positionY": 650,
      "height": 50,
      "width": 50
    },
    {
      "positionX": 2650,
      "positionY": 600,
      "height": 50,
      "width": 50
    },
    {
      "positionX": 2650,
      "positionY": 550,
      "height": 50,
      "width": 50
    },
    {
      "positionX": 2650,
      "positionY": 500,
      "height": 50,
      "width": 50
    },
    {
      "positionX": 2600,
      "positionY": 450,
      "height": 50,
      "width": 50
    },
    {
      "positionX": 2600,
      "positionY": 400,
      "height": 50,
      "width": 50
    },
    {
      "positionX": 2650,
      "positionY": 350,
      "height": 50,
      "width": 50
    },
    {
      "positionX": 2650,
      "positionY": 300,
      "height": 50,
      "width": 50
    },
    {
      "positionX": 2650,
      "positionY": 200,
      "height": 50,
      "width": 50
    },
    {
      "positionX": 2650,
      "positionY": 150,
      "height": 50,
      "width": 50
    },
    {
      "positionX": 2650,
      "positionY": 200,
      "height": 50,
      "width": 50
    },
    {
      "positionX": 2650,
      "positionY": 250,
      "height": 50,
      "width": 50
    },
    {
      "positionX": 2650,
      "positionY": 250,
      "height": 50,
      "width": 50
    },
    {
      "positionX": 2650,
      "positionY": 400,
      "height": 50,
      "width": 50
    },
    {
      "positionX": 2650,
      "positionY": 450,
      "height": 50,
      "width": 50
    },
    {
      "positionX": 1600,
      "positionY": 900,
      "height": 50,
      "width": 50
    },
    {
      "positionX": 200,
      "positionY": 950,
      "height": 50,
      "width": 50
    },
    {
      "positionX": 150,
      "positionY": 950,
      "height": 50,
      "width": 50
    },
    {
      "positionX": 100,
      "positionY": 950,
      "height": 50,
      "width": 50
    },
    {
      "positionX": 50,
      "positionY": 950,
      "height": 50,
      "width": 50
    },
    {
      "positionX": 0,
      "positionY": 950,
      "height": 50,
      "width": 50
    },
    {
      "positionX": 0,
      "positionY": 950,
      "height": 50,
      "width": 50
    },
    {
      "positionX": 0,
      "positionY": 950,
      "height": 50,
      "width": 50
    },
    {
      "positionX": -50,
      "positionY": 950,
      "height": 50,
      "width": 50
    },
    {
      "positionX": -100,
      "positionY": 950,
      "height": 50,
      "width": 50
    },
    {
      "positionX": -150,
      "positionY": 950,
      "height": 50,
      "width": 50
    },
    {
      "positionX": -200,
      "positionY": 950,
      "height": 50,
      "width": 50
    },
    {
      "positionX": -250,
      "positionY": 950,
      "height": 50,
      "width": 50
    },
    {
      "positionX": -300,
      "positionY": 950,
      "height": 50,
      "width": 50
    },
    {
      "positionX": -350,
      "positionY": 950,
      "height": 50,
      "width": 50
    },
    {
      "positionX": -450,
      "positionY": 950,
      "height": 50,
      "width": 50
    },
    {
      "positionX": -450,
      "positionY": 950,
      "height": 50,
      "width": 50
    },
    {
      "positionX": -450,
      "positionY": 950,
      "height": 50,
      "width": 50
    },
    {
      "positionX": -350,
      "positionY": 950,
      "height": 50,
      "width": 50
    },
    {
      "positionX": -350,
      "positionY": 950,
      "height": 50,
      "width": 50
    },
    {
      "positionX": -300,
      "positionY": 950,
      "height": 50,
      "width": 50
    },
    {
      "positionX": -300,
      "positionY": 950,
      "height": 50,
      "width": 50
    },
    {
      "positionX": -300,
      "positionY": 950,
      "height": 50,
      "width": 50
    },
    {
      "positionX": -350,
      "positionY": 950,
      "height": 50,
      "width": 50
    },
    {
      "positionX": -350,
      "positionY": 950,
      "height": 50,
      "width": 50
    },
    {
      "positionX": -350,
      "positionY": 950,
      "height": 50,
      "width": 50
    },
    {
      "positionX": -350,
      "positionY": 900,
      "height": 50,
      "width": 50
    },
    {
      "positionX": -400,
      "positionY": 900,
      "height": 50,
      "width": 50
    },
    {
      "positionX": -450,
      "positionY": 900,
      "height": 50,
      "width": 50
    },
    {
      "positionX": -450,
      "positionY": 900,
      "height": 50,
      "width": 50
    },
    {
      "positionX": -450,
      "positionY": 850,
      "height": 50,
      "width": 50
    },
    {
      "positionX": -400,
      "positionY": 850,
      "height": 50,
      "width": 50
    },
    {
      "positionX": -400,
      "positionY": 800,
      "height": 50,
      "width": 50
    },
    {
      "positionX": -450,
      "positionY": 750,
      "height": 50,
      "width": 50
    },
    {
      "positionX": -450,
      "positionY": 750,
      "height": 50,
      "width": 50
    },
    {
      "positionX": -450,
      "positionY": 650,
      "height": 50,
      "width": 50
    },
    {
      "positionX": -450,
      "positionY": 550,
      "height": 50,
      "width": 50
    },
    {
      "positionX": -450,
      "positionY": 550,
      "height": 50,
      "width": 50
    },
    {
      "positionX": -450,
      "positionY": 550,
      "height": 50,
      "width": 50
    },
    {
      "positionX": -450,
      "positionY": 650,
      "height": 50,
      "width": 50
    },
    {
      "positionX": -450,
      "positionY": 600,
      "height": 50,
      "width": 50
    },
    {
      "positionX": -450,
      "positionY": 600,
      "height": 50,
      "width": 50
    },
    {
      "positionX": -450,
      "positionY": 700,
      "height": 50,
      "width": 50
    },
    {
      "positionX": -450,
      "positionY": 700,
      "height": 50,
      "width": 50
    },
    {
      "positionX": -450,
      "positionY": 800,
      "height": 50,
      "width": 50
    },
    {
      "positionX": -450,
      "positionY": 800,
      "height": 50,
      "width": 50
    },
    {
      "positionX": -450,
      "positionY": 600,
      "height": 50,
      "width": 50
    },
    {
      "positionX": -450,
      "positionY": 500,
      "height": 50,
      "width": 50
    },
    {
      "positionX": -450,
      "positionY": 400,
      "height": 50,
      "width": 50
    },
    {
      "positionX": -450,
      "positionY": 400,
      "height": 50,
      "width": 50
    },
    {
      "positionX": -450,
      "positionY": 350,
      "height": 50,
      "width": 50
    },
    {
      "positionX": -400,
      "positionY": 300,
      "height": 50,
      "width": 50
    },
    {
      "positionX": -400,
      "positionY": 250,
      "height": 50,
      "width": 50
    },
    {
      "positionX": -400,
      "positionY": 250,
      "height": 50,
      "width": 50
    },
    {
      "positionX": -450,
      "positionY": 300,
      "height": 50,
      "width": 50
    },
    {
      "positionX": -450,
      "positionY": 400,
      "height": 50,
      "width": 50
    },
    {
      "positionX": -450,
      "positionY": 450,
      "height": 50,
      "width": 50
    },
    {
      "positionX": -450,
      "positionY": 500,
      "height": 50,
      "width": 50
    },
    {
      "positionX": -350,
      "positionY": 200,
      "height": 50,
      "width": 50
    },
    {
      "positionX": -350,
      "positionY": 150,
      "height": 50,
      "width": 50
    },
    {
      "positionX": -400,
      "positionY": 150,
      "height": 50,
      "width": 50
    },
    {
      "positionX": -350,
      "positionY": 0,
      "height": 50,
      "width": 50
    },
    {
      "positionX": -350,
      "positionY": 0,
      "height": 50,
      "width": 50
    },
    {
      "positionX": -350,
      "positionY": 0,
      "height": 50,
      "width": 50
    },
    {
      "positionX": -350,
      "positionY": 100,
      "height": 50,
      "width": 50
    },
    {
      "positionX": -300,
      "positionY": 100,
      "height": 50,
      "width": 50
    },
    {
      "positionX": -300,
      "positionY": 50,
      "height": 50,
      "width": 50
    },
    {
      "positionX": -300,
      "positionY": 0,
      "height": 50,
      "width": 50
    },
    {
      "positionX": -300,
      "positionY": 0,
      "height": 50,
      "width": 50
    },
    {
      "positionX": -300,
      "positionY": -50,
      "height": 50,
      "width": 50
    },
    {
      "positionX": -300,
      "positionY": -100,
      "height": 50,
      "width": 50
    },
    {
      "positionX": -300,
      "positionY": -100,
      "height": 50,
      "width": 50
    },
    {
      "positionX": -350,
      "positionY": -100,
      "height": 50,
      "width": 50
    },
    {
      "positionX": -250,
      "positionY": -100,
      "height": 50,
      "width": 50
    },
    {
      "positionX": -250,
      "positionY": -150,
      "height": 50,
      "width": 50
    },
    {
      "positionX": -200,
      "positionY": 0,
      "height": 50,
      "width": 50
    },
    {
      "positionX": -200,
      "positionY": -50,
      "height": 50,
      "width": 50
    },
    {
      "positionX": -250,
      "positionY": -50,
      "height": 50,
      "width": 50
    },
    {
      "positionX": -200,
      "positionY": -100,
      "height": 50,
      "width": 50
    },
    {
      "positionX": -200,
      "positionY": -100,
      "height": 50,
      "width": 50
    },
    {
      "positionX": -200,
      "positionY": -150,
      "height": 50,
      "width": 50
    },
    {
      "positionX": 100,
      "positionY": 850,
      "height": 50,
      "width": 50
    },
    {
      "positionX": 150,
      "positionY": 850,
      "height": 50,
      "width": 50
    },
    {
      "positionX": 100,
      "positionY": 900,
      "height": 50,
      "width": 50
    },
    {
      "positionX": 100,
      "positionY": 900,
      "height": 50,
      "width": 50
    },
    {
      "positionX": 150,
      "positionY": 900,
      "height": 50,
      "width": 50
    },
    {
      "positionX": 0,
      "positionY": 900,
      "height": 50,
      "width": 50
    },
    {
      "positionX": 150,
      "positionY": 850,
      "height": 50,
      "width": 50
    },
    {
      "positionX": 200,
      "positionY": 850,
      "height": 50,
      "width": 50
    },
    {
      "positionX": 200,
      "positionY": 850,
      "height": 50,
      "width": 50
    },
    {
      "positionX": 200,
      "positionY": 900,
      "height": 50,
      "width": 50
    },
    {
      "positionX": 300,
      "positionY": 650,
      "height": 50,
      "width": 50
    },
    {
      "positionX": 350,
      "positionY": 650,
      "height": 50,
      "width": 50
    },
    {
      "positionX": 400,
      "positionY": 650,
      "height": 50,
      "width": 50
    },
    {
      "positionX": 500,
      "positionY": 500,
      "height": 50,
      "width": 50
    },
    {
      "positionX": 550,
      "positionY": 500,
      "height": 50,
      "width": 50
    },
    {
      "positionX": 600,
      "positionY": 500,
      "height": 50,
      "width": 50
    },
    {
      "positionX": 750,
      "positionY": 350,
      "height": 50,
      "width": 50
    },
    {
      "positionX": 750,
      "positionY": 350,
      "height": 50,
      "width": 50
    },
    {
      "positionX": 850,
      "positionY": 350,
      "height": 50,
      "width": 50
    },
    {
      "positionX": 800,
      "positionY": 350,
      "height": 50,
      "width": 50
    },
    {
      "positionX": 500,
      "positionY": 250,
      "height": 50,
      "width": 50
    },
    {
      "positionX": 400,
      "positionY": 200,
      "height": 50,
      "width": 50
    },
    {
      "positionX": 400,
      "positionY": 250,
      "height": 50,
      "width": 50
    },
    {
      "positionX": 450,
      "positionY": 250,
      "height": 50,
      "width": 50
    },
    {
      "positionX": 500,
      "positionY": 250,
      "height": 50,
      "width": 50
    },
    {
      "positionX": 500,
      "positionY": 250,
      "height": 50,
      "width": 50
    },
    {
      "positionX": 550,
      "positionY": 250,
      "height": 50,
      "width": 50
    },
    {
      "positionX": 750,
      "positionY": 50,
      "height": 50,
      "width": 50
    },
    {
      "positionX": 750,
      "positionY": 50,
      "height": 50,
      "width": 50
    },
    {
      "positionX": 800,
      "positionY": 50,
      "height": 50,
      "width": 50
    },
    {
      "positionX": 800,
      "positionY": 50,
      "height": 50,
      "width": 50
    },
    {
      "positionX": 850,
      "positionY": 50,
      "height": 50,
      "width": 50
    },
    {
      "positionX": 900,
      "positionY": 50,
      "height": 50,
      "width": 50
    },
    {
      "positionX": 450,
      "positionY": 150,
      "height": 50,
      "width": 50
    },
    {
      "positionX": 450,
      "positionY": 200,
      "height": 50,
      "width": 50
    },
    {
      "positionX": 400,
      "positionY": 150,
      "height": 50,
      "width": 50
    },
    {
      "positionX": 950,
      "positionY": 50,
      "height": 50,
      "width": 50
    },
    {
      "positionX": 1000,
      "positionY": 50,
      "height": 50,
      "width": 50
    },
    {
      "positionX": 1100,
      "positionY": 200,
      "height": 50,
      "width": 50
    },
    {
      "positionX": 1150,
      "positionY": 200,
      "height": 50,
      "width": 50
    },
    {
      "positionX": 1200,
      "positionY": 200,
      "height": 50,
      "width": 50
    },
    {
      "positionX": 1250,
      "positionY": 200,
      "height": 50,
      "width": 50
    },
    {
      "positionX": 1350,
      "positionY": 700,
      "height": 50,
      "width": 50
    },
    {
      "positionX": 1350,
      "positionY": 700,
      "height": 50,
      "width": 50
    },
    {
      "positionX": 1400,
      "positionY": 700,
      "height": 50,
      "width": 50
    },
    {
      "positionX": 1200,
      "positionY": 900,
      "height": 50,
      "width": 50
    },
    {
      "positionX": 1550,
      "positionY": 900,
      "height": 50,
      "width": 50
    },
    {
      "positionX": 1450,
      "positionY": 900,
      "height": 50,
      "width": 50
    },
    {
      "positionX": 1550,
      "positionY": 850,
      "height": 50,
      "width": 50
    },
    {
      "positionX": 1450,
      "positionY": 650,
      "height": 50,
      "width": 50
    },
    {
      "positionX": 1450,
      "positionY": 600,
      "height": 50,
      "width": 50
    },
    {
      "positionX": 1450,
      "positionY": 550,
      "height": 50,
      "width": 50
    },
    {
      "positionX": 1550,
      "positionY": 400,
      "height": 50,
      "width": 50
    },
    {
      "positionX": 1600,
      "positionY": 400,
      "height": 50,
      "width": 50
    },
    {
      "positionX": 1650,
      "positionY": 400,
      "height": 50,
      "width": 50
    },
    {
      "positionX": 1800,
      "positionY": 250,
      "height": 50,
      "width": 50
    },
    {
      "positionX": 1800,
      "positionY": 250,
      "height": 50,
      "width": 50
    },
    {
      "positionX": 1850,
      "positionY": 250,
      "height": 50,
      "width": 50
    },
    {
      "positionX": 1650,
      "positionY": 0,
      "height": 50,
      "width": 50
    },
    {
      "positionX": 1650,
      "positionY": 50,
      "height": 50,
      "width": 50
    },
    {
      "positionX": 1700,
      "positionY": 50,
      "height": 50,
      "width": 50
    },
    {
      "positionX": 1700,
      "positionY": 100,
      "height": 50,
      "width": 50
    },
    {
      "positionX": 1700,
      "positionY": 100,
      "height": 50,
      "width": 50
    },
    {
      "positionX": 1700,
      "positionY": 100,
      "height": 50,
      "width": 50
    },
    {
      "positionX": 1750,
      "positionY": 100,
      "height": 50,
      "width": 50
    },
    {
      "positionX": 2600,
      "positionY": 100,
      "height": 50,
      "width": 50
    },
    {
      "positionX": 2600,
      "positionY": 50,
      "height": 50,
      "width": 50
    },
    {
      "positionX": 2600,
      "positionY": 0,
      "height": 50,
      "width": 50
    },
    {
      "positionX": 2600,
      "positionY": 0,
      "height": 50,
      "width": 50
    },
    {
      "positionX": 2550,
      "positionY": -50,
      "height": 50,
      "width": 50
    },
    {
      "positionX": 2550,
      "positionY": -50,
      "height": 50,
      "width": 50
    },
    {
      "positionX": 2550,
      "positionY": -50,
      "height": 50,
      "width": 50
    },
    {
      "positionX": 2600,
      "positionY": -50,
      "height": 50,
      "width": 50
    },
    {
      "positionX": 2600,
      "positionY": 0,
      "height": 50,
      "width": 50
    },
    {
      "positionX": 2650,
      "positionY": 0,
      "height": 50,
      "width": 50
    },
    {
      "positionX": 2650,
      "positionY": 0,
      "height": 50,
      "width": 50
    },
    {
      "positionX": 2700,
      "positionY": -50,
      "height": 50,
      "width": 50
    },
    {
      "positionX": 2650,
      "positionY": -50,
      "height": 50,
      "width": 50
    },
    {
      "positionX": 2600,
      "positionY": -100,
      "height": 50,
      "width": 50
    },
    {
      "positionX": 2500,
      "positionY": -50,
      "height": 50,
      "width": 50
    },
    {
      "positionX": 2550,
      "positionY": -100,
      "height": 50,
      "width": 50
    },
    {
      "positionX": 2550,
      "positionY": -100,
      "height": 50,
      "width": 50
    },
    {
      "positionX": 2550,
      "positionY": -150,
      "height": 50,
      "width": 50
    },
    {
      "positionX": 2550,
      "positionY": -150,
      "height": 50,
      "width": 50
    },
    {
      "positionX": 2550,
      "positionY": -200,
      "height": 50,
      "width": 50
    },
    {
      "positionX": 2550,
      "positionY": -250,
      "height": 50,
      "width": 50
    },
    {
      "positionX": 2550,
      "positionY": -300,
      "height": 50,
      "width": 50
    },
    {
      "positionX": 2550,
      "positionY": -350,
      "height": 50,
      "width": 50
    },
    {
      "positionX": 2550,
      "positionY": -400,
      "height": 50,
      "width": 50
    },
    {
      "positionX": 2550,
      "positionY": -400,
      "height": 50,
      "width": 50
    },
    {
      "positionX": 2550,
      "positionY": -450,
      "height": 50,
      "width": 50
    },
    {
      "positionX": 1250,
      "positionY": -100,
      "height": 50,
      "width": 50
    },
    {
      "positionX": 1300,
      "positionY": -100,
      "height": 50,
      "width": 50
    },
    {
      "positionX": 1350,
      "positionY": -100,
      "height": 50,
      "width": 50
    },
    {
      "positionX": 1500,
      "positionY": -50,
      "height": 50,
      "width": 50
    },
    {
      "positionX": 1050,
      "positionY": -200,
      "height": 50,
      "width": 50
    },
    {
      "positionX": 1000,
      "positionY": -200,
      "height": 50,
      "width": 50
    },
    {
      "positionX": 900,
      "positionY": -200,
      "height": 50,
      "width": 50
    },
    {
      "positionX": 1100,
      "positionY": -150,
      "height": 50,
      "width": 50
    },
    {
      "positionX": 950,
      "positionY": -150,
      "height": 50,
      "width": 50
    },
    {
      "positionX": 950,
      "positionY": -200,
      "height": 50,
      "width": 50
    },
    {
      "positionX": 500,
      "positionY": -350,
      "height": 50,
      "width": 50
    },
    {
      "positionX": 550,
      "positionY": -350,
      "height": 50,
      "width": 50
    },
    {
      "positionX": 600,
      "positionY": -350,
      "height": 50,
      "width": 50
    },
    {
      "positionX": 700,
      "positionY": -200,
      "height": 50,
      "width": 50
    },
    {
      "positionX": 500,
      "positionY": -350,
      "height": 50,
      "width": 50
    },
    {
      "positionX": 500,
      "positionY": -400,
      "height": 50,
      "width": 50
    },
    {
      "positionX": 500,
      "positionY": -450,
      "height": 50,
      "width": 50
    },
    {
      "positionX": 450,
      "positionY": -450,
      "height": 50,
      "width": 50
    },
    {
      "positionX": 400,
      "positionY": -450,
      "height": 50,
      "width": 50
    },
    {
      "positionX": 400,
      "positionY": -450,
      "height": 50,
      "width": 50
    },
    {
      "positionX": 400,
      "positionY": -500,
      "height": 50,
      "width": 50
    },
    {
      "positionX": 550,
      "positionY": -600,
      "height": 50,
      "width": 50
    },
    {
      "positionX": 550,
      "positionY": -600,
      "height": 50,
      "width": 50
    },
    {
      "positionX": 600,
      "positionY": -600,
      "height": 50,
      "width": 50
    },
    {
      "positionX": 650,
      "positionY": -600,
      "height": 50,
      "width": 50
    },
    {
      "positionX": 750,
      "positionY": -700,
      "height": 50,
      "width": 50
    },
    {
      "positionX": 900,
      "positionY": -800,
      "height": 50,
      "width": 50
    },
    {
      "positionX": 1050,
      "positionY": -850,
      "height": 50,
      "width": 50
    },
    {
      "positionX": 1200,
      "positionY": -800,
      "height": 50,
      "width": 50
    },
    {
      "positionX": 2550,
      "positionY": 400,
      "height": 50,
      "width": 50
    },
    {
      "positionX": 2500,
      "positionY": 400,
      "height": 50,
      "width": 50
    },
    {
      "positionX": 2600,
      "positionY": 350,
      "height": 50,
      "width": 50
    },
    {
      "positionX": 2600,
      "positionY": 350,
      "height": 50,
      "width": 50
    },
    {
      "positionX": 2550,
      "positionY": 350,
      "height": 50,
      "width": 50
    },
    {
      "positionX": 2600,
      "positionY": 150,
      "height": 50,
      "width": 50
    },
    {
      "positionX": 2600,
      "positionY": 100,
      "height": 50,
      "width": 50
    },
    {
      "positionX": 2650,
      "positionY": 50,
      "height": 50,
      "width": 50
    },
    {
      "positionX": 2650,
      "positionY": 50,
      "height": 50,
      "width": 50
    },
    {
      "positionX": 2650,
      "positionY": 100,
      "height": 50,
      "width": 50
    },
    {
      "positionX": 2400,
      "positionY": 800,
      "height": 50,
      "width": 50
    },
    {
      "positionX": 2400,
      "positionY": 850,
      "height": 50,
      "width": 50
    },
    {
      "positionX": 2350,
      "positionY": 850,
      "height": 50,
      "width": 50
    },
    {
      "positionX": 2350,
      "positionY": 800,
      "height": 50,
      "width": 50
    },
    {
      "positionX": 2550,
      "positionY": 850,
      "height": 50,
      "width": 50
    },
    {
      "positionX": 2600,
      "positionY": 850,
      "height": 50,
      "width": 50
    },
    {
      "positionX": 1950,
      "positionY": 850,
      "height": 50,
      "width": 50
    },
    {
      "positionX": 1850,
      "positionY": 850,
      "height": 50,
      "width": 50
    },
    {
      "positionX": 2100,
      "positionY": 600,
      "height": 50,
      "width": 50
    },
    {
      "positionX": 2100,
      "positionY": 600,
      "height": 50,
      "width": 50
    },
    {
      "positionX": 2150,
      "positionY": 600,
      "height": 50,
      "width": 50
    },
    {
      "positionX": 2150,
      "positionY": 600,
      "height": 50,
      "width": 50
    },
    {
      "positionX": 2200,
      "positionY": 600,
      "height": 50,
      "width": 50
    },
    {
      "positionX": 2050,
      "positionY": 600,
      "height": 50,
      "width": 50
    },
    {
      "positionX": 2150,
      "positionY": 650,
      "height": 50,
      "width": 50
    },
    {
      "positionX": 2150,
      "positionY": 650,
      "height": 50,
      "width": 50
    },
    {
      "positionX": 2200,
      "positionY": 650,
      "height": 50,
      "width": 50
    },
    {
      "positionX": 2250,
      "positionY": 650,
      "height": 50,
      "width": 50
    },
    {
      "positionX": 2050,
      "positionY": 550,
      "height": 50,
      "width": 50
    }
  ],
  "fallingPlatforms": [],
  "door": [],
  "ladder": [
    {
      "positionX": 800,
      "positionY": -500,
      "height": 50,
      "width": 50
    },
    {
      "positionX": 800,
      "positionY": -450,
      "height": 50,
      "width": 50
    },
    {
      "positionX": 800,
      "positionY": -400,
      "height": 50,
      "width": 50
    }
  ],
  "powerUp": [
    {
      "positionX": 1150,
      "positionY": -825,
      "height": 25,
      "width": 25,
      "typ": "0"
    },
    {
      "positionX": 1300,
      "positionY": -125,
      "height": 25,
      "width": 25,
      "typ": "0"
    },
    {
      "positionX": 1750,
      "positionY": -25,
      "height": 25,
      "width": 25,
      "typ": "0"
    },
    {
      "positionX": 550,
      "positionY": 425,
      "height": 25,
      "width": 25,
      "typ": "0"
    },
    {
      "positionX": 2500,
      "positionY": 775,
      "height": 25,
      "width": 25,
      "typ": "3"
    },
    {
      "positionX": 1350,
      "positionY": 625,
      "height": 25,
      "width": 25,
      "typ": "1"
    },
    {
      "positionX": 550,
      "positionY": -375,
      "height": 25,
      "width": 25,
      "typ": "4"
    },
    {
      "positionX": 800,
      "positionY": -475,
      "height": 25,
      "width": 25,
      "typ": "4"
    }
  ],
  "trap": [
    {
      "positionX": 2500,
      "positionY": 850,
      "height": 50,
      "width": 50
    },
    {
      "positionX": 2550,
      "positionY": 850,
      "height": 50,
      "width": 50
    },
    {
      "positionX": 2450,
      "positionY": 850,
      "height": 50,
      "width": 50
    },
    {
      "positionX": 2350,
      "positionY": 850,
      "height": 50,
      "width": 50
    },
    {
      "positionX": 2200,
      "positionY": 850,
      "height": 50,
      "width": 50
    },
    {
      "positionX": 2150,
      "positionY": 850,
      "height": 50,
      "width": 50
    },
    {
      "positionX": 2000,
      "positionY": 850,
      "height": 50,
      "width": 50
    },
    {
      "positionX": 1900,
      "positionY": 850,
      "height": 50,
      "width": 50
    },
    {
      "positionX": 1800,
      "positionY": 850,
      "height": 50,
      "width": 50
    },
    {
      "positionX": 1650,
      "positionY": 850,
      "height": 50,
      "width": 50
    },
    {
      "positionX": 1600,
      "positionY": 850,
      "height": 50,
      "width": 50
    },
    {
      "positionX": 1400,
      "positionY": 900,
      "height": 50,
      "width": 50
    },
    {
      "positionX": 1250,
      "positionY": 900,
      "height": 50,
      "width": 50
    },
    {
      "positionX": 1150,
      "positionY": 900,
      "height": 50,
      "width": 50
    },
    {
      "positionX": 1100,
      "positionY": 900,
      "height": 50,
      "width": 50
    },
    {
      "positionX": 800,
      "positionY": 900,
      "height": 50,
      "width": 50
    },
    {
      "positionX": 700,
      "positionY": 900,
      "height": 50,
      "width": 50
    },
    {
      "positionX": 500,
      "positionY": 900,
      "height": 50,
      "width": 50
    },
    {
      "positionX": 350,
      "positionY": 900,
      "height": 50,
      "width": 50
    },
    {
      "positionX": -200,
      "positionY": -100,
      "height": 50,
      "width": 50
    },
    {
      "positionX": -200,
      "positionY": -150,
      "height": 50,
      "width": 50
    },
    {
      "positionX": -200,
      "positionY": -150,
      "height": 50,
      "width": 50
    },
    {
      "positionX": -200,
      "positionY": -200,
      "height": 50,
      "width": 50
    },
    {
      "positionX": -250,
      "positionY": -200,
      "height": 50,
      "width": 50
    },
    {
      "positionX": -300,
      "positionY": -200,
      "height": 50,
      "width": 50
    },
    {
      "positionX": -250,
      "positionY": -100,
      "height": 50,
      "width": 50
    },
    {
      "positionX": -300,
      "positionY": -100,
      "height": 50,
      "width": 50
    },
    {
      "positionX": -300,
      "positionY": -100,
      "height": 50,
      "width": 50
    },
    {
      "positionX": -350,
      "positionY": -100,
      "height": 50,
      "width": 50
    },
    {
      "positionX": -250,
      "positionY": -150,
      "height": 50,
      "width": 50
    },
    {
      "positionX": -350,
      "positionY": 0,
      "height": 50,
      "width": 50
    },
    {
      "positionX": -350,
      "positionY": -50,
      "height": 50,
      "width": 50
    },
    {
      "positionX": 100,
      "positionY": 800,
      "height": 50,
      "width": 50
    },
    {
      "positionX": 1500,
      "positionY": 900,
      "height": 50,
      "width": 50
    },
    {
      "positionX": 2550,
      "positionY": -100,
      "height": 50,
      "width": 50
    },
    {
      "positionX": 2550,
      "positionY": -100,
      "height": 50,
      "width": 50
    },
    {
      "positionX": 2550,
      "positionY": -100,
      "height": 50,
      "width": 50
    },
    {
      "positionX": 2550,
      "positionY": -150,
      "height": 50,
      "width": 50
    },
    {
      "positionX": 2600,
      "positionY": -150,
      "height": 50,
      "width": 50
    },
    {
      "positionX": 2650,
      "positionY": -100,
      "height": 50,
      "width": 50
    },
    {
      "positionX": 2700,
      "positionY": -100,
      "height": 50,
      "width": 50
    },
    {
      "positionX": 2550,
      "positionY": -450,
      "height": 50,
      "width": 50
    },
    {
      "positionX": 2550,
      "positionY": -500,
      "height": 50,
      "width": 50
    },
    {
      "positionX": 950,
      "positionY": -200,
      "height": 50,
      "width": 50
    },
    {
      "positionX": 950,
      "positionY": -250,
      "height": 50,
      "width": 50
    },
    {
      "positionX": 850,
      "positionY": 0,
      "height": 50,
      "width": 50
    },
    {
      "positionX": 2550,
      "positionY": 300,
      "height": 50,
      "width": 50
    },
    {
      "positionX": 2600,
      "positionY": 300,
      "height": 50,
      "width": 50
    }
  ],
  "teleport": [
    {
      "positionX": 2050,
      "positionY": 500,
      "height": 50,
      "width": 50
    }
  ],
  "lava": [
    {
      "positionX": 2500,
      "positionY": 365,
      "height": 35,
      "width": 35
    }
  ]
}